{
  "2": {
    "test_metrics": {
      "accuracy": 0.6292559899117276,
      "auroc": 0.6858763962038521,
      "auprc": 0.675642554331447,
      "f1": 0.6397058823529411,
      "sensitivity": 0.6590909090909091,
      "specificity": 0.5994962216624685,
      "precision": 0.6214285714285714,
      "youden_j": 0.28361066585247946,
      "best_threshold": 0.5357927616189054
    },
    "model_selection": {
      "aic": 69698735.97293779,
      "bic": 69698820.13775578,
      "log_likelihood": -34849349.986468896,
      "n_params": 18
    },
    "val_auprc": 0.6608438696919656
  },
  "3": {
    "test_metrics": {
      "accuracy": 0.6557377049180327,
      "auroc": 0.6868877693814721,
      "auprc": 0.691271134309394,
      "f1": 0.6440677966101694,
      "sensitivity": 0.6237373737373737,
      "specificity": 0.6876574307304786,
      "precision": 0.6657681940700808,
      "youden_j": 0.3264381853802508,
      "best_threshold": 0.5324913564161997
    },
    "model_selection": {
      "aic": 69566154.69427416,
      "bic": 69566313.6722637,
      "log_likelihood": -34783043.34713708,
      "n_params": 34
    },
    "val_auprc": 0.6951505384586737
  },
  "4": {
    "test_metrics": {
      "accuracy": 0.6935687263556116,
      "auroc": 0.7533776047629951,
      "auprc": 0.7370351750473231,
      "f1": 0.7040194884287454,
      "sensitivity": 0.7297979797979798,
      "specificity": 0.6574307304785895,
      "precision": 0.68,
      "youden_j": 0.39746965880467133,
      "best_threshold": 0.4682600013860587
    },
    "model_selection": {
      "aic": 69674492.83874464,
      "bic": 69674745.3331986,
      "log_likelihood": -34837192.41937232,
      "n_params": 54
    },
    "val_auprc": 0.760781640601264
  },
  "6": {
    "test_metrics": {
      "accuracy": 0.7074401008827238,
      "auroc": 0.7958552782230364,
      "auprc": 0.7835268716968348,
      "f1": 0.7170731707317073,
      "sensitivity": 0.7424242424242424,
      "specificity": 0.672544080604534,
      "precision": 0.6933962264150944,
      "youden_j": 0.4650471974149556,
      "best_threshold": 0.6371730925213545
    },
    "model_selection": {
      "aic": 69558700.66034749,
      "bic": 69559196.29760899,
      "log_likelihood": -34779244.330173746,
      "n_params": 106
    },
    "val_auprc": 0.7851614891040255
  },
  "8": {
    "test_metrics": {
      "accuracy": 0.7036569987389659,
      "auroc": 0.7917525379742005,
      "auprc": 0.8072531049615881,
      "f1": 0.7006369426751592,
      "sensitivity": 0.6944444444444444,
      "specificity": 0.7128463476070529,
      "precision": 0.7069408740359897,
      "youden_j": 0.4422690379869221,
      "best_threshold": 0.6277238177565941
    },
    "model_selection": {
      "aic": 69424151.26374586,
      "bic": 69424964.85698642,
      "log_likelihood": -34711901.63187293,
      "n_params": 174
    },
    "val_auprc": 0.8369636059770174
  },
  "10": {
    "test_metrics": {
      "accuracy": 0.7402269861286255,
      "auroc": 0.8262600819275883,
      "auprc": 0.8365282579841863,
      "f1": 0.7463054187192119,
      "sensitivity": 0.7651515151515151,
      "specificity": 0.7153652392947103,
      "precision": 0.7283653846153846,
      "youden_j": 0.4929267485942549,
      "best_threshold": 0.5782553389146229
    },
    "model_selection": {
      "aic": 69400263.07074516,
      "bic": 69401469.43313634,
      "log_likelihood": -34699873.53537258,
      "n_params": 258
    },
    "val_auprc": 0.8641324704526359
  },
  "markov_baseline": {
    "order": 1,
    "test_metrics": {
      "accuracy": 0.7389659520807061,
      "auroc": 0.8080490038928326,
      "auprc": 0.8060221402525791,
      "f1": 0.7453874538745388,
      "sensitivity": 0.7651515151515151,
      "specificity": 0.7128463476070529,
      "precision": 0.7266187050359713,
      "youden_j": 0.48308653283464364,
      "best_threshold": 0.4848603351834983
    }
  },
  "training_fraction_experiment": {
    "best_k": 10,
    "fractions": {
      "0.25": {
        "n_train": 1585,
        "test_metrics": {
          "accuracy": 0.7477931904161412,
          "auroc": 0.8231178281556115,
          "auprc": 0.8125047028771457,
          "f1": 0.7584541062801933,
          "sensitivity": 0.7929292929292929,
          "specificity": 0.7027707808564232,
          "precision": 0.7268518518518519,
          "youden_j": 0.5034412131389461,
          "best_threshold": 0.42107429874842917
        }
      },
      "0.5": {
        "n_train": 3171,
        "test_metrics": {
          "accuracy": 0.7351828499369483,
          "auroc": 0.8129532096786505,
          "auprc": 0.8142283012776935,
          "f1": 0.7432762836185819,
          "sensitivity": 0.7676767676767676,
          "specificity": 0.7027707808564232,
          "precision": 0.7203791469194313,
          "youden_j": 0.48819428542350457,
          "best_threshold": 0.45828939689562614
        }
      },
      "1.0": {
        "n_train": 6342,
        "test_metrics": {
          "accuracy": 0.7326607818411097,
          "auroc": 0.8207007098694757,
          "auprc": 0.8267180284156344,
          "f1": 0.7382716049382716,
          "sensitivity": 0.7550505050505051,
          "specificity": 0.7103274559193955,
          "precision": 0.7222222222222222,
          "youden_j": 0.48061216701015186,
          "best_threshold": 0.4689010517256909
        }
      }
    }
  }
}