K,AIC,BIC
2,69698735.97293779,69698820.13775578
3,69566154.69427416,69566313.6722637
4,69674492.83874464,69674745.3331986
6,69558700.66034749,69559196.29760899
8,69424151.26374586,69424964.85698642
10,69400263.07074516,69401469.43313634
