{
  "K1": 6,
  "K2": 10,
  "AUROC": {
    "mean_diff": 0.05487387716462941,
    "std_diff": 0.01329955297260188,
    "ci_lower": 0.029449675101717303,
    "ci_upper": 0.08069963330988866,
    "t_statistic": 130.4101358310551,
    "p_value": 0.0,
    "significant": true
  },
  "AUPRC": {
    "mean_diff": 0.07916778611844154,
    "std_diff": 0.01848212699700431,
    "ci_lower": 0.044263777634846665,
    "ci_upper": 0.1172532168802438,
    "t_statistic": 135.3877261625236,
    "p_value": 0.0,
    "significant": true
  }
}