fraction,n_samples,val_auroc,val_auprc,test_auroc,test_auprc,test_accuracy,test_f1
0.25,1585,0.8544958400122129,0.8509738077374728,0.8231178281556115,0.8125047028771457,0.7477931904161412,0.7584541062801933
0.5,3171,0.8323092384805231,0.8356165280370002,0.8129532096786505,0.8142283012776935,0.7351828499369483,0.7432762836185819
0.75,4756,0.8429445589395211,0.8482552420158487,0.8260883393125208,0.8336718859203613,0.7351828499369483,0.7413793103448276
1.0,6342,0.8369971757881078,0.8416882332812348,0.8207007098694757,0.8267180284156344,0.7326607818411097,0.7382716049382716
